First Last,First,Last,Company,Domain
Eddie Shamie,Eddie,Shamie,Degs & Sal,www.degsandsal.com
Tomasz Donocik,Tomasz,Donocik,Tomasz Donocik,www.tomaszdonocik.com
Vate Powell,Vate,Powell,Johanna Howard Home and Accessories,www.johannahoward.com
Duncan Maclean,Duncan,Maclean,Candle Shack Limited,www.candle-shack.co.uk
Adam Schoenbaum,Adam,Schoenbaum,Dress The Population,www.dressthepopulation.com
Boma Pennebaker,Boma,Pennebaker,Pasquale Bruni,www.pasqualebruni.com
Brian Skellie,Brian,Skellie,Piercers.Com,www.piercers.com
Monica Sharma,Monica,Sharma,Atelier Mon,www.ateliermon.com
Björn Eriksson,Björn,Eriksson,Tom Hope AB,www.thetomhope.com
Jordy Cobelens,Jordy,Cobelens,TW Steel,www.twsteel.com
Victor Afam Uka,Victor,Uka,"LAGOS, Inc.",www.lagos.com
Shawn Warren,Shawn,Warren,Shawn Warren Jewelry,www.shawnwarrenjewelry.com
Barbara Birdsong,Barbara,Birdsong,Perch Jewelry Studio,www.perchjewelrystudio.com
Gustavo Neer,Gustavo,Neer,Peter Kent,www.peterkent.com.ar
Lloyd John Amsdon,Lloyd,Amsdon,Watchfinder.co.uk Ltd.,www.watchfinder.co.uk
Steven Forsyth,Steven,Forsyth,Celtic Rings Ltd,www.celtic-weddingrings.com
Edouard Meylan,Edouard,Meylan,Moser Schaffhausen AG,www.h-moser.com
Carol Palko,Carol,Palko,PALKO Jewellery Design,www.palkojewellery.com
Adel Rashid,Adel,Rashid,Hidesign,www.hidesign.com
Lynette Novak,,,Rockhill Designs Llc,www.rockhill-designs.com
