First Last,First,Last,Company,Domain
Siobhan Moloney Zollner,Siobhan,Zollner,Tiffany & Co,www.tiffany.com
Woody Justice,Woody,Justice,"Justice Jewelers, Inc",www.justicejewelers.com
Peter Herink,Peter,Herink,Akris AG,www.akris.ch
Vera Balyura,Vera,Balyura,Verameat,www.verameat.com
Joe Driskell,Joe,Driskell,Halcyon Days Limited,www.halcyondays.co.uk
Christina Gandia Gambale,Christina,Gambale,Greenwich St. Jewelers,www.greenwichjewelers.com
Dana Gordon,Dana,Gordon,Dana Rebecca Designs,www.danarebeccadesigns.com
Melissa Beste,Melissa,Beste,Akris AG,www.akris.ch
Nina Nguyen,Nina,Nguyen,Nina Nguyen,www.nina-nguyen.com
Prerna Sethi,Prerna,Sethi,"Sethi Couture, Inc.",www.sethicouture.com
Lana Hamilton,Lana,Hamilton,Hamilton Jewelers,www.hamiltonjewelers.com
Inger Mark,Inger,Mark,In2 Design Llc,www.in2designing.com
Steve Jobs,Steve,Jobs,"Loewe, S.A.",www.loewe.com
Lee Levandowski,Lee,Levandowski,Charlotte Ski Boats,www.charlotteskiboats.com
Justice Jewelers,Justice,Jewelers,"Justice Jewelers, Inc",www.justicejewelers.com
Derik Landry,Derik,Landry,Inpink,www.inpink.com
Elizabeth Schoenleber,Elizabeth,Schoenleber,"Isadora's, Llc",www.isadoras.com
Amie Hansen,Amie,Hansen,"Luca + Danni, Inc.",www.lucadanni.com
Lane Schiffman,Lane,Schiffman,Schiffmans Inc,www.schiffmans.com
Cutler Altier,,,Altier Jewelers,www.altierjewelers.com
