First Last,First,Last,Company,Domain
David Davidor Gusky,David,Gusky,Davidor,www.davidor.com
Nic Dracakis,Nic,Dracakis,Dracakis Jewellers,www.dracakis.com.au
Ken Mccarey,Ken,Mccarey,Hidesign,www.hidesign.com
Matreya Hughes,Matreya,Hughes,"Shreve, Crump & Low Llc",www.shrevecrumpandlow.com
Haerin So,Haerin,So,Kendra Scott,www.kendrascott.com
Hanneli Rupert,Hanneli,Rupert,Okapi,www.okapi.com
Lucy Hodkinson,Lucy,Hodkinson,NF Fashion Limited,www.nicolefarhi.com
Ari Baizerman,Ari,Baizerman,"Paul A. Duggan Fine Watches, Inc.",www.pduggan.com
Deniz Ince,Deniz,Ince,K?smet By Milka,www.kismetbymilka.com
Jane Goldsmith,Jane,Goldsmith,Aurum Group Ltd.,www.goldsmiths.co.uk
Ambika Krishna,Ambika,Krishna,Akris AG,www.akris.ch
Christian Walz,Christian,Walz,Rebekah Brooks,www.rebekahbrooks.com
James Rivera,James,Rivera,Holly Zhang Pearl Gallery,www.hollyzhang.com
Manolis Zachariou,Manolis,Zachariou,Folli Follie,www.follifollie.com
Luciane Yang,Luciane,Yang,"Kabana, Inc.",www.kabana.com
Annoushka Ducas Mbe,Annoushka,Mbe,Annoushka,www.annoushka.com
Tony Davis,Tony,Davis,Jewlr,www.jewlr.com
Dennis Rugebregt,Dennis,Rugebregt,Buddha to Buddha,www.buddhatobuddha.com
Carlo D'amario,Carlo,D'amario,Vivienne Westwood Limited,www.viviennewestwood.com
Nick Torres,,,Beyond Bespoke,www.beyond-bespoke.com
