First Last,First,Last,Company,Domain
Morris Gad,Morris,Gad,Diamonds International,www.diamondsinternational.com
Andrew Maddock,Andrew,Maddock,Deva Designs,www.devadesignsjoy.com
Benedetto Hassan,Benedetto,Hassan,La Fiorentina,www.lafiorentina.com
Vikas Sharma,Vikas,Sharma,Blinglane,www.blinglane.com
Carlo D'amario,Carlo,D'amario,Vivienne Westwood Limited,www.viviennewestwood.com
Peter Stone,Peter,Stone,Peter Stone Company,www.peterstone.com
Rhiena Richie,Rhiena,Richie,Bonia Corporation Bhd,www.bonia.com
Ana Ibarra,Ana,Ibarra,"Mariposa, Ltd",www.mariposa-gift.com
Stefano Biondo,Stefano,Biondo,Ralph & Russo,www.ralphandrusso.com
Rocco Ghrenassia,Rocco,Ghrenassia,Paule Ka S.A,www.pauleka.com
Shane Hunt,Shane,Hunt,Taylor & Hart Limited,www.taylorandhart.com
Susie Sipos,Susie,Sipos,Frank Smythson Limited,www.smythson.com
Alice Schmeltz,Alice,Schmeltz,Sonia Rykiel,www.soniarykiel.com
Greg Arnenta,Greg,Arnenta,Armenta,www.armentacollection.com
Charles Garnier,Charles,Garnier,"Charles Garnier Paris, Inc",www.charlesgarnier.com
Vince Cartier,Vince,Cartier,Cartier Boutique,www.cartier.com
Olympia Kyriakides,Olympia,Kyriakides,Om Nyc,www.om-nyc.com
Steven Schneider,Steven,Schneider,"Worthy, Inc.",www.worthy.com
Katherine Schlattman,Katherine,Schlattman,Foe & Dear,www.foeanddear.com
Yossi Dina,,,The Dina Collection,www.thedinacollection.com
